Movie Id,Amount,title,release_year
318,348,"Shawshank Redemption, The (1994)",1994
2858,113,American Beauty (1999),1999
2571,108,"Matrix, The (1999)",1999
356,71,Forrest Gump (1994),1994
1721,59,Titanic (1997),1997
260,58,Star Wars: Episode IV - A New Hope (1977),1977
2762,54,"Sixth Sense, The (1999)",1999
2959,54,Fight Club (1999),1999
527,47,Schindler's List (1993),1993
858,42,"Godfather, The (1972)",1972
7153,34,"Lord of the Rings: The Return of the King, The (2003)",2003
1198,34,Raiders of the Lost Ark (Indiana Jones and the Raiders of the Lost Ark) (1981),1981
1183,34,"English Patient, The (1996)",1996
1196,31,Star Wars: Episode V - The Empire Strikes Back (1980),1980
2028,30,Saving Private Ryan (1998),1998
109487,29,Interstellar (2014),2014
1917,25,Armageddon (1998),1998
50,25,"Usual Suspects, The (1995)",1995
593,24,"Silence of the Lambs, The (1991)",1991
134130,23,The Martian (2015),2015
79132,23,Inception (2010),2010
2770,23,Bowfinger (1999),1999
1909,22,"X-Files: Fight the Future, The (1998)",1998
1,22,Toy Story (1995),1995
2890,21,Three Kings (1999),1999
58559,21,"Dark Knight, The (2008)",2008
2763,21,"Thomas Crown Affair, The (1999)",1999
1907,20,Mulan (1998),1998
2628,19,Star Wars: Episode I - The Phantom Menace (1999),1999
1641,18,"Full Monty, The (1997)",1997
480,18,Jurassic Park (1993),1993
1270,18,Back to the Future (1985),1985
2366,18,King Kong (1933),1933
2641,17,Superman II (1980),1980
92259,17,Intouchables (2011),2011
134853,17,Inside Out (2015),2015
170,16,Hackers (1995),1995
2710,16,"Blair Witch Project, The (1999)",1999
2324,16,Life Is Beautiful (La Vita è bella) (1997),1997
158,16,Casper (1995),1995
2393,15,Star Trek: Insurrection (1998),1998
2006,15,"Mask of Zorro, The (1998)",1998
3082,14,"World Is Not Enough, The (1999)",1999
2355,14,"Bug's Life, A (1998)",1998
1210,14,Star Wars: Episode VI - Return of the Jedi (1983),1983
1911,14,Dr. Dolittle (1998),1998
1485,14,Liar Liar (1997),1997
3114,14,Toy Story 2 (1999),1999
4993,14,"Lord of the Rings: The Fellowship of the Ring, The (2001)",2001
2699,14,Arachnophobia (1990),1990
296,13,Pulp Fiction (1994),1994
1407,13,Scream (1996),1996
1197,13,"Princess Bride, The (1987)",1987
1608,13,Air Force One (1997),1997
2722,13,Deep Blue Sea (1999),1999
2023,13,"Godfather: Part III, The (1990)",1990
164179,13,Arrival (2016),2016
1876,13,Deep Impact (1998),1998
1193,13,One Flew Over the Cuckoo's Nest (1975),1975
780,13,Independence Day (a.k.a. ID4) (1996),1996
2353,13,Enemy of the State (1998),1998
362,13,"Jungle Book, The (1994)",1994
914,12,My Fair Lady (1964),1964
3624,12,Shanghai Noon (2000),2000
176371,12,Blade Runner 2049 (2017),2017
2712,12,Eyes Wide Shut (1999),1999
1704,12,Good Will Hunting (1997),1997
145,12,Bad Boys (1995),1995
152081,12,Zootopia (2016),2016
168252,11,Logan (2017),2017
216,11,Billy Madison (1995),1995
902,11,Breakfast at Tiffany's (1961),1961
2539,11,Analyze This (1999),1999
2706,11,American Pie (1999),1999
1059,11,William Shakespeare's Romeo + Juliet (1996),1996
1617,11,L.A. Confidential (1997),1997
1479,10,"Saint, The (1997)",1997
1923,10,There's Something About Mary (1998),1998
68954,10,Up (2009),2009
2541,10,Cruel Intentions (1999),1999
2105,10,Tron (1982),1982
2087,10,Peter Pan (1953),1953
520,10,Robin Hood: Men in Tights (1993),1993
1569,10,My Best Friend's Wedding (1997),1997
19,10,Ace Ventura: When Nature Calls (1995),1995
3101,10,Fatal Attraction (1987),1987
1345,10,Carrie (1976),1976
2761,10,"Iron Giant, The (1999)",1999
1416,10,Evita (1996),1996
2707,10,Arlington Road (1999),1999
110,9,Braveheart (1995),1995
1883,9,Bulworth (1998),1998
3252,9,Scent of a Woman (1992),1992
2167,9,Blade (1998),1998
2336,9,Elizabeth (1998),1998
1747,9,Wag the Dog (1997),1997
2949,9,Dr. No (1962),1962
431,9,Carlito's Way (1993),1993
1690,9,Alien: Resurrection (1997),1997
1584,9,Contact (1997),1997
1639,9,Chasing Amy (1997),1997
1722,9,Tomorrow Never Dies (1997),1997
1961,9,Rain Man (1988),1988
177765,9,Coco (2017),2017
673,9,Space Jam (1996),1996
661,9,James and the Giant Peach (1996),1996
2826,9,"13th Warrior, The (1999)",1999
1777,9,"Wedding Singer, The (1998)",1998
441,8,Dazed and Confused (1993),1993
1373,8,Star Trek V: The Final Frontier (1989),1989
5952,8,"Lord of the Rings: The Two Towers, The (2002)",2002
2908,8,Boys Don't Cry (1999),1999
1888,8,Hope Floats (1998),1998
1894,8,Six Days Seven Nights (1998),1998
1376,8,Star Trek IV: The Voyage Home (1986),1986
531,8,"Secret Garden, The (1993)",1993
1918,8,Lethal Weapon 4 (1998),1998
720,8,Wallace & Gromit: The Best of Aardman Animation (1996),1996
1230,8,Annie Hall (1977),1977
1962,8,Driving Miss Daisy (1989),1989
1221,8,"Godfather: Part II, The (1974)",1974
648,8,Mission: Impossible (1996),1996
1282,8,Fantasia (1940),1940
1215,8,Army of Darkness (1993),1993
2723,8,Mystery Men (1999),1999
1020,8,Cool Runnings (1993),1993
96821,8,"Perks of Being a Wallflower, The (2012)",2012
2420,8,"Karate Kid, The (1984)",1984
1644,8,I Know What You Did Last Summer (1997),1997
3555,8,U-571 (2000),2000
1957,7,Chariots of Fire (1981),1981
2396,7,Shakespeare in Love (1998),1998
327,7,Tank Girl (1995),1995
524,7,Rudy (1993),1993
1172,7,Cinema Paradiso (Nuovo cinema Paradiso) (1989),1989
3489,7,Hook (1991),1991
3005,7,"Bone Collector, The (1999)",1999
1186,7,"Sex, Lies, and Videotape (1989)",1989
1042,7,That Thing You Do! (1996),1996
163,7,Desperado (1995),1995
724,7,"Craft, The (1996)",1996
552,7,"Three Musketeers, The (1993)",1993
3072,7,Moonstruck (1987),1987
2005,7,"Goonies, The (1985)",1985
2694,7,Big Daddy (1999),1999
116797,7,The Imitation Game (2014),2014
2542,7,"Lock, Stock & Two Smoking Barrels (1998)",1998
3147,7,"Green Mile, The (1999)",1999
1029,7,Dumbo (1941),1941
1235,7,Harold and Maude (1971),1971
3396,7,"Muppet Movie, The (1979)",1979
838,7,Emma (1996),1996
2294,7,Antz (1998),1998
256,7,Junior (1994),1994
2431,7,Patch Adams (1998),1998
105,7,"Bridges of Madison County, The (1995)",1995
3717,7,Gone in 60 Seconds (2000),2000
1333,7,"Birds, The (1963)",1963
2321,7,Pleasantville (1998),1998
4718,7,American Pie 2 (2001),2001
1093,7,"Doors, The (1991)",1991
2724,7,Runaway Bride (1999),1999
912,7,Casablanca (1942),1942
2427,7,"Thin Red Line, The (1998)",1998
2278,7,Ronin (1998),1998
1088,7,Dirty Dancing (1987),1987
2843,7,"Black Cat, White Cat (Crna macka, beli macor) (1998)",1998
5991,7,Chicago (2002),2002
1405,6,Beavis and Butt-Head Do America (1996),1996
1438,6,Dante's Peak (1997),1997
1517,6,Austin Powers: International Man of Mystery (1997),1997
1225,6,Amadeus (1984),1984
4085,6,Beverly Hills Cop (1984),1984
1673,6,Boogie Nights (1997),1997
2002,6,Lethal Weapon 3 (1992),1992
3949,6,Requiem for a Dream (2000),2000
830,6,"First Wives Club, The (1996)",1996
736,6,Twister (1996),1996
3967,6,Billy Elliot (2000),2000
953,6,It's a Wonderful Life (1946),1946
1249,6,"Femme Nikita, La (Nikita) (1990)",1990
1293,6,Gandhi (1982),1982
46578,6,Little Miss Sunshine (2006),2006
1104,6,"Streetcar Named Desire, A (1951)",1951
783,6,"Hunchback of Notre Dame, The (1996)",1996
1285,6,Heathers (1989),1989
122904,6,Deadpool (2016),2016
4973,6,"Amelie (Fabuleux destin d'Amélie Poulain, Le) (2001)",2001
1619,6,Seven Years in Tibet (1997),1997
1625,6,"Game, The (1997)",1997
920,6,Gone with the Wind (1939),1939
1882,6,Godzilla (1998),1998
150548,6,Sherlock: The Abominable Bride (2016),2016
2080,6,Lady and the Tramp (1955),1955
616,6,"Aristocats, The (1970)",1970
2671,6,Notting Hill (1999),1999
112556,6,Gone Girl (2014),2014
112552,6,Whiplash (2014),2014
2248,6,Say Anything... (1989),1989
475,6,In the Name of the Father (1993),1993
2302,6,My Cousin Vinny (1992),1992
2424,6,You've Got Mail (1998),1998
3578,6,Gladiator (2000),2000
2581,6,Never Been Kissed (1999),1999
2683,6,Austin Powers: The Spy Who Shagged Me (1999),1999
2161,6,"NeverEnding Story, The (1984)",1984
223,6,Clerks (1994),1994
2701,6,Wild Wild West (1999),1999
3301,6,"Whole Nine Yards, The (2000)",2000
168,6,First Knight (1995),1995
2883,6,Mumford (1999),1999
44,6,Mortal Kombat (1995),1995
2997,6,Being John Malkovich (1999),1999
31,6,Dangerous Minds (1995),1995
60069,6,WALL·E (2008),2008
2140,6,"Dark Crystal, The (1982)",1982
59315,6,Iron Man (2008),2008
2018,6,Bambi (1942),1942
3785,6,Scary Movie (2000),2000
2109,6,"Jerk, The (1979)",1979
2085,6,101 Dalmatians (One Hundred and One Dalmatians) (1961),1961
3354,5,Mission to Mars (2000),2000
1371,5,Star Trek: The Motion Picture (1979),1979
72998,5,Avatar (2009),2009
1393,5,Jerry Maguire (1996),1996
3911,5,Best in Show (2000),2000
173,5,Judge Dredd (1995),1995
2058,5,"Negotiator, The (1998)",1998
2150,5,"Gods Must Be Crazy, The (1980)",1980
1032,5,Alice in Wonderland (1951),1951
4262,5,Scarface (1983),1983
4148,5,Hannibal (2001),2001
177593,5,"Three Billboards Outside Ebbing, Missouri (2017)",2017
1022,5,Cinderella (1950),1950
3386,5,JFK (1991),1991
261,5,Little Women (1994),1994
89745,5,"Avengers, The (2012)",2012
2881,5,Double Jeopardy (1999),1999
307,5,Three Colors: Blue (Trois couleurs: Bleu) (1993),1993
1339,5,Dracula (Bram Stoker's Dracula) (1992),1992
3107,5,Backdraft (1991),1991
7,5,Sabrina (1995),1995
3081,5,Sleepy Hollow (1999),1999
81834,5,Harry Potter and the Deathly Hallows: Part 1 (2010),2010
140174,5,Room (2015),2015
3006,5,"Insider, The (1999)",1999
50872,5,Ratatouille (2007),2007
596,5,Pinocchio (1940),1940
4306,5,Shrek (2001),2001
1278,5,Young Frankenstein (1974),1974
2947,5,Goldfinger (1964),1964
48394,5,"Pan's Labyrinth (Laberinto del fauno, El) (2006)",2006
2944,5,"Dirty Dozen, The (1967)",1967
1320,5,Alien³ (a.k.a. Alien 3) (1992),1992
1094,5,"Crying Game, The (1992)",1992
3863,5,"Cell, The (2000)",2000
2687,5,Tarzan (1999),1999
3418,5,Thelma & Louise (1991),1991
106782,5,"Wolf of Wall Street, The (2013)",2013
3826,5,Hollow Man (2000),2000
1792,5,U.S. Marshals (1998),1998
168250,5,Get Out (2017),2017
1805,5,Wild Things (1998),1998
743,5,Spy Hard (1996),1996
410,5,Addams Family Values (1993),1993
1831,5,Lost in Space (1998),1998
2273,5,Rush Hour (1998),1998
485,5,Last Action Hero (1993),1993
4018,5,What Women Want (2000),2000
3617,5,Road Trip (2000),2000
2407,5,Cocoon (1985),1985
2144,5,Sixteen Candles (1984),1984
1645,5,The Devil's Advocate (1997),1997
1213,5,Goodfellas (1990),1990
345,5,"Adventures of Priscilla, Queen of the Desert, The (1994)",1994
342,5,Muriel's Wedding (1994),1994
4886,5,"Monsters, Inc. (2001)",2001
333,5,Tommy Boy (1995),1995
2145,5,Pretty in Pink (1986),1986
2470,5,Crocodile Dundee (1986),1986
2986,4,RoboCop 2 (1990),1990
2906,4,Random Hearts (1999),1999
2160,4,Rosemary's Baby (1968),1968
1287,4,Ben-Hur (1959),1959
3087,4,Scrooged (1988),1988
1223,4,"Grand Day Out with Wallace and Gromit, A (1989)",1989
1892,4,"Perfect Murder, A (1998)",1998
139385,4,The Revenant (2015),2015
3148,4,"Cider House Rules, The (1999)",1999
1271,4,Fried Green Tomatoes (1991),1991
81845,4,"King's Speech, The (2010)",2010
1242,4,Glory (1989),1989
2001,4,Lethal Weapon 2 (1989),1989
122886,4,Star Wars: Episode VII - The Force Awakens (2015),2015
1244,4,Manhattan (1979),1979
1261,4,Evil Dead II (Dead by Dawn) (1987),1987
81591,4,Black Swan (2010),2010
112852,4,Guardians of the Galaxy (2014),2014
3793,4,X-Men (2000),2000
1298,4,Pink Floyd: The Wall (1982),1982
3033,4,Spaceballs (1987),1987
3256,4,Patriot Games (1992),1992
3510,4,Frequency (2000),2000
122912,4,Avengers: Infinity War - Part I (2018),2018
1411,4,Hamlet (1996),1996
2501,4,October Sky (1999),1999
1586,4,G.I. Jane (1997),1997
2502,4,Office Space (1999),1999
3421,4,Animal House (1978),1978
2012,4,Back to the Future Part III (1990),1990
1499,4,Anaconda (1997),1997
2605,4,Entrapment (1999),1999
2455,4,"Fly, The (1986)",1986
104374,4,About Time (2013),2013
115617,4,Big Hero 6 (2014),2014
3755,4,"Perfect Storm, The (2000)",2000
1960,4,"Last Emperor, The (1987)",1987
2700,4,"South Park: Bigger, Longer and Uncut (1999)",1999
2059,4,"Parent Trap, The (1998)",1998
1967,4,Labyrinth (1986),1986
2739,4,"Color Purple, The (1985)",1985
2395,4,Rushmore (1998),1998
1396,4,Sneakers (1992),1992
2394,4,"Prince of Egypt, The (1998)",1998
1378,4,Young Guns (1988),1988
2371,4,Fletch (1985),1985
1375,4,Star Trek III: The Search for Spock (1984),1984
3273,4,Scream 3 (2000),2000
109374,4,"Grand Budapest Hotel, The (2014)",2014
1732,4,"Big Lebowski, The (1998)",1998
1597,4,Conspiracy Theory (1997),1997
3697,4,Predator 2 (1990),1990
3263,4,White Men Can't Jump (1992),1992
1347,4,"Nightmare on Elm Street, A (1984)",1984
54001,4,Harry Potter and the Order of the Phoenix (2007),2007
6947,4,Master and Commander: The Far Side of the World (2003),2003
277,4,Miracle on 34th Street (1994),1994
5989,4,Catch Me If You Can (2002),2002
196,4,Species (1995),1995
1188,4,Strictly Ballroom (1992),1992
107,4,Muppet Treasure Island (1996),1996
6874,4,Kill Bill: Vol. 1 (2003),2003
163134,4,Your Name. (2016),2016
25,4,Leaving Las Vegas (1995),1995
6016,4,City of God (Cidade de Deus) (2002),2002
8961,4,"Incredibles, The (2004)",2004
32,4,Twelve Monkeys (a.k.a. 12 Monkeys) (1995),1995
589,4,Terminator 2: Judgment Day (1991),1991
8360,4,Shrek 2 (2004),2004
899,4,Singin' in the Rain (1952),1952
48,4,Pocahontas (1995),1995
1125,4,"Return of the Pink Panther, The (1975)",1975
1120,4,"People vs. Larry Flynt, The (1996)",1996
608,4,Fargo (1996),1996
5218,4,Ice Age (2002),2002
784,4,"Cable Guy, The (1996)",1996
6537,4,Terminator 3: Rise of the Machines (2003),2003
1204,4,Lawrence of Arabia (1962),1962
5618,4,Spirited Away (Sen to Chihiro no kamikakushi) (2001),2001
954,4,Mr. Smith Goes to Washington (1939),1939
4447,4,Legally Blonde (2001),2001
778,4,Trainspotting (1996),1996
33794,4,Batman Begins (2005),2005
1084,4,Bonnie and Clyde (1967),1967
1208,4,Apocalypse Now (1979),1979
532,4,Serial Mom (1994),1994
986,4,Fly Away Home (1996),1996
44191,4,V for Vendetta (2006),2006
1097,4,E.T. the Extra-Terrestrial (1982),1982
837,4,Matilda (1996),1996
122882,3,Mad Max: Fury Road (2015),2015
253,3,Interview with the Vampire: The Vampire Chronicles (1994),1994
3408,3,Erin Brockovich (2000),2000
1837,3,"Odd Couple II, The (1998)",1998
2617,3,"Mummy, The (1999)",1999
1784,3,As Good as It Gets (1997),1997
849,3,Escape from L.A. (1996),1996
1835,3,City of Angels (1998),1998
2640,3,Superman (1978),1978
903,3,Vertigo (1958),1958
2657,3,"Rocky Horror Picture Show, The (1975)",1975
924,3,2001: A Space Odyssey (1968),1968
1562,3,Batman & Robin (1997),1997
2746,3,Little Shop of Horrors (1986),1986
1580,3,Men in Black (a.k.a. MIB) (1997),1997
175,3,Kids (1995),1995
1590,3,Event Horizon (1997),1997
1598,3,Desperate Measures (1998),1998
934,3,Father of the Bride (1950),1950
4025,3,Miss Congeniality (2000),2000
1635,3,"Ice Storm, The (1997)",1997
6711,3,Lost in Translation (2003),2003
193,3,Showgirls (1995),1995
3317,3,Wonder Boys (2000),2000
913,3,"Maltese Falcon, The (1941)",1941
1653,3,Gattaca (1997),1997
127202,3,Me and Earl and the Dying Girl (2015),2015
2688,3,"General's Daughter, The (1999)",1999
1717,3,Scream 2 (1997),1997
2672,3,"Thirteenth Floor, The (1999)",1999
1873,3,"Misérables, Les (1998)",1998
293,3,Léon: The Professional (a.k.a. The Professional) (Léon) (1994),1994
2574,3,"Out-of-Towners, The (1999)",1999
2137,3,Charlotte's Web (1973),1973
555,3,True Romance (1993),1993
381,3,When a Man Loves a Woman (1994),1994
5464,3,Road to Perdition (2002),2002
2116,3,"Lord of the Rings, The (1978)",1978
2124,3,"Addams Family, The (1991)",1991
59615,3,Indiana Jones and the Kingdom of the Crystal Skull (2008),2008
3798,3,What Lies Beneath (2000),2000
541,3,Blade Runner (1982),1982
2338,3,I Still Know What You Did Last Summer (1998),1998
3868,3,"Naked Gun: From the Files of Police Squad!, The (1988)",1988
2334,3,"Siege, The (1998)",1998
3668,3,Romeo and Juliet (1968),1968
3671,3,Blazing Saddles (1974),1974
2316,3,Practical Magic (1998),1998
457,3,"Fugitive, The (1993)",1993
466,3,Hot Shots! Part Deux (1993),1993
2297,3,What Dreams May Come (1998),1998
35836,3,"40-Year-Old Virgin, The (2005)",2005
2096,3,Sleeping Beauty (1959),1959
374,3,Richie Rich (1994),1994
805,3,"Time to Kill, A (1996)",1996
1994,3,Poltergeist (1982),1982
802,3,Phenomenon (1996),1996
799,3,"Frighteners, The (1996)",1996
119145,3,Kingsman: The Secret Service (2015),2015
1912,3,Out of Sight (1998),1998
1537,3,Shall We Dance? (Shall We Dansu?) (1996),1996
2485,3,She's All That (1999),1999
3552,3,Caddyshack (1980),1980
1982,3,Halloween (1978),1978
40815,3,Harry Potter and the Goblet of Fire (2005),2005
370,3,Naked Gun 33 1/3: The Final Insult (1994),1994
2011,3,Back to the Future Part II (1989),1989
170697,3,Gifted (2017),2017
2021,3,Dune (1984),1984
3948,3,Meet the Parents (2000),2000
2421,3,"Karate Kid, Part II, The (1986)",1986
2046,3,Flight of the Navigator (1986),1986
3916,3,Remember the Titans (2000),2000
2076,3,Blue Velvet (1986),1986
160,3,Congo (1995),1995
2268,3,"Few Good Men, A (1992)",1992
3254,3,Wayne's World 2 (1993),1993
3157,3,Stuart Little (1999),1999
1077,3,Sleeper (1973),1973
1267,3,"Manchurian Candidate, The (1962)",1962
1377,3,Batman Returns (1992),1992
4310,3,Pearl Harbor (2001),2001
3039,3,Trading Places (1983),1983
1380,3,Grease (1978),1978
4226,3,Memento (2000),2000
4223,3,Enemy at the Gates (2001),2001
1263,3,"Deer Hunter, The (1978)",1978
1408,3,"Last of the Mohicans, The (1992)",1992
1409,3,Michael (1996),1996
1185,3,My Left Foot (1989),1989
2912,3,"Limey, The (1999)",1999
3052,3,Dogma (1999),1999
1253,3,"Day the Earth Stood Still, The (1951)",1951
29,3,"City of Lost Children, The (Cité des enfants perdus, La) (1995)",1995
1086,3,Dial M for Murder (1954),1954
17,3,Sense and Sensibility (1995),1995
2962,3,Fever Pitch (1997),1997
1302,3,Field of Dreams (1989),1989
76093,3,How to Train Your Dragon (2010),2010
48385,3,Borat: Cultural Learnings of America for Make Benefit Glorious Nation of Kazakhstan (2006),2006
4643,3,Planet of the Apes (2001),2001
4270,3,"Mummy Returns, The (2001)",2001
1321,3,"American Werewolf in London, An (1981)",1981
2805,3,Mickey Blue Eyes (1999),1999
1092,3,Basic Instinct (1992),1992
1343,3,Cape Fear (1991),1991
2996,3,Music of the Heart (1999),1999
1090,3,Platoon (1986),1986
3175,3,Galaxy Quest (1999),1999
8622,3,Fahrenheit 9/11 (2004),2004
1357,3,Shine (1996),1996
3020,3,Falling Down (1993),1993
1252,3,Chinatown (1974),1974
1307,3,When Harry Met Sally... (1989),1989
1036,3,Die Hard (1988),1988
1483,3,Crash (1996),1996
1027,3,Robin Hood: Prince of Thieves (1991),1991
1465,3,Rosewood (1997),1997
54272,3,"Simpsons Movie, The (2007)",2007
4446,3,Final Fantasy: The Spirits Within (2001),2001
1028,3,Mary Poppins (1964),1964
49530,3,Blood Diamond (2006),2006
3105,3,Awakenings (1990),1990
1203,3,12 Angry Men (1957),1957
3257,3,"Bodyguard, The (1992)",1992
88129,3,Drive (2011),2011
1233,3,"Boot, Das (Boat, The) (1981)",1981
7361,3,Eternal Sunshine of the Spotless Mind (2004),2004
1019,3,"20,000 Leagues Under the Sea (1954)",1954
1035,3,"Sound of Music, The (1965)",1965
2840,3,Stigmata (1999),1999
355,2,"Flintstones, The (1994)",1994
8368,2,Harry Potter and the Prisoner of Azkaban (2004),2004
3176,2,"Talented Mr. Ripley, The (1999)",1999
2422,2,"Karate Kid, Part III, The (1989)",1989
5,2,Father of the Bride Part II (1995),1995
2296,2,"Night at the Roxbury, A (1998)",1998
3,2,Grumpier Old Men (1995),1995
33166,2,Crash (2004),2004
47,2,Seven (a.k.a. Se7en) (1995),1995
2428,2,"Faculty, The (1998)",1998
350,2,"Client, The (1994)",1994
66097,2,Coraline (2009),2009
2985,2,RoboCop (1987),1987
34162,2,Wedding Crashers (2005),2005
3703,2,"Road Warrior, The (Mad Max 2) (1981)",1981
111759,2,Edge of Tomorrow (2014),2014
2,2,Jumanji (1995),1995
5816,2,Harry Potter and the Chamber of Secrets (2002),2002
339,2,While You Were Sleeping (1995),1995
3174,2,Man on the Moon (1999),1999
6187,2,"Life of David Gale, The (2003)",2003
80463,2,"Social Network, The (2010)",2010
2378,2,Police Academy (1984),1984
428,2,"Bronx Tale, A (1993)",1993
5956,2,Gangs of New York (2002),2002
3060,2,"Commitments, The (1991)",1991
24,2,Powder (1995),1995
16,2,Casino (1995),1995
8636,2,Spider-Man 2 (2004),2004
2340,2,Meet Joe Black (1998),1998
379,2,Timecop (1994),1994
3534,2,28 Days (2000),2000
3155,2,Anna and the King (1999),1999
5992,2,"Hours, The (2002)",2002
2384,2,Babe: Pig in the City (1998),1998
106920,2,Her (2013),2013
2389,2,Psycho (1998),1998
12,2,Dracula: Dead and Loving It (1995),1995
190555,2,Searching (2018),2018
2391,2,"Simple Plan, A (1998)",1998
8874,2,Shaun of the Dead (2004),2004
2329,2,American History X (1998),1998
2398,2,Miracle on 34th Street (1947),1947
455,2,Free Willy (1993),1993
2352,2,"Big Chill, The (1983)",1983
78499,2,Toy Story 3 (2010),2010
3683,2,Blood Simple (1984),1984
2803,2,"Pelican Brief, The (1993)",1993
3438,2,Teenage Mutant Ninja Turtles (1990),1990
170875,2,The Fate of the Furious (2017),2017
2471,2,Crocodile Dundee II (1988),1988
2871,2,Deliverance (1972),1972
91630,2,Mission: Impossible - Ghost Protocol (2011),2011
3704,2,Mad Max Beyond Thunderdome (1985),1985
6942,2,Love Actually (2003),2003
30793,2,Charlie and the Chocolate Factory (2005),2005
208,2,Waterworld (1995),1995
224,2,Don Juan DeMarco (1995),1995
69844,2,Harry Potter and the Half-Blood Prince (2009),2009
2690,2,"Ideal Husband, An (1999)",1999
95,2,Broken Arrow (1996),1996
2686,2,"Red Violin, The (Violon rouge, Le) (1998)",1998
236,2,French Kiss (1995),1995
94864,2,Prometheus (2012),2012
3361,2,Bull Durham (1988),1988
2915,2,Risky Business (1983),1983
2716,2,Ghostbusters (a.k.a. Ghost Busters) (1984),1984
2861,2,For Love of the Game (1999),1999
2717,2,Ghostbusters II (1989),1989
2837,2,Bedrooms & Hallways (1998),1998
2791,2,Airplane! (1980),1980
2829,2,"Muse, The (1999)",1999
7143,2,"Last Samurai, The (2003)",2003
172,2,Johnny Mnemonic (1995),1995
7293,2,50 First Dates (2004),2004
2759,2,Dick (1999),1999
2857,2,Yellow Submarine (1968),1968
2860,2,Blue Streak (1999),1999
180,2,Mallrats (1995),1995
27773,2,Old Boy (2003),2003
191,2,"Scarlet Letter, The (1995)",1995
91529,2,"Dark Knight Rises, The (2012)",2012
2719,2,"Haunting, The (1999)",1999
91535,2,"Bourne Legacy, The (2012)",2012
88125,2,Harry Potter and the Deathly Hallows: Part 2 (2011),2011
2648,2,Frankenstein (1931),1931
73881,2,3 Idiots (2009),2009
3476,2,Jacob's Ladder (1990),1990
2567,2,EDtv (1999),1999
2968,2,Time Bandits (1981),1981
74458,2,Shutter Island (2010),2010
6502,2,28 Days Later (2002),2002
306,2,Three Colors: Red (Trois couleurs: Rouge) (1994),1994
3452,2,Romeo Must Die (2000),2000
102903,2,Now You See Me (2013),2013
2572,2,10 Things I Hate About You (1999),1999
3481,2,High Fidelity (2000),2000
6378,2,"Italian Job, The (2003)",2003
316,2,Stargate (1994),1994
2490,2,Payback (1999),1999
6365,2,"Matrix Reloaded, The (2003)",2003
2478,2,¡Three Amigos! (1986),1986
174035,2,BoJack Horseman Christmas Special: Sabrina's Christmas Wish (2014),2014
2966,2,"Straight Story, The (1999)",1999
86882,2,Midnight in Paris (2011),2011
2600,2,eXistenZ (1999),1999
262,2,"Little Princess, A (1995)",1995
2618,2,"Castle, The (1997)",1997
2948,2,From Russia with Love (1963),1963
3409,2,Final Destination (2000),2000
6539,2,Pirates of the Caribbean: The Curse of the Black Pearl (2003),2003
60,2,"Indian in the Cupboard, The (1995)",1995
3247,2,Sister Act (1992),1992
31685,2,Hitch (2005),2005
96829,2,"Hunt, The (Jagten) (2012)",2012
58,2,"Postman, The (Postino, Il) (1994)",1994
69757,2,(500) Days of Summer (2009),2009
2580,2,Go (1999),1999
3210,2,Fast Times at Ridgemont High (1982),1982
2965,2,"Omega Code, The (1999)",1999
48774,2,Children of Men (2006),2006
79702,2,Scott Pilgrim vs. the World (2010),2010
904,2,Rear Window (1954),1954
3969,2,Pay It Forward (2000),2000
1879,2,"Hanging Garden, The (1997)",1997
1884,2,Fear and Loathing in Las Vegas (1998),1998
786,2,Eraser (1996),1996
785,2,Kingpin (1996),1996
1895,2,Can't Hardly Wait (1998),1998
1474,2,Jungle2Jungle (a.k.a. Jungle 2 Jungle) (1997),1997
1391,2,Mars Attacks! (1996),1996
4995,2,"Beautiful Mind, A (2001)",2001
1073,2,Willy Wonka & the Chocolate Factory (1971),1971
1919,2,Madeline (1998),1998
1079,2,"Fish Called Wanda, A (1988)",1988
1372,2,Star Trek VI: The Undiscovered Country (1991),1991
132796,2,San Andreas (2015),2015
4865,2,From Hell (2001),2001
1367,2,101 Dalmatians (1996),1996
4701,2,Rush Hour 2 (2001),2001
969,2,"African Queen, The (1951)",1951
1588,2,George of the Jungle (1997),1997
1947,2,West Side Story (1961),1961
3959,2,"Time Machine, The (1960)",1960
152970,2,Hunt for the Wilderpeople (2016),2016
1953,2,"French Connection, The (1971)",1971
1955,2,Kramer vs. Kramer (1979),1979
733,2,"Rock, The (1996)",1996
1959,2,Out of Africa (1985),1985
708,2,"Truth About Cats & Dogs, The (1996)",1996
162606,2,The Accountant (2016),2016
968,2,Night of the Living Dead (1968),1968
148626,2,"Big Short, The (2015)",2015
128512,2,Paper Towns (2015),2015
135534,2,Krampus (2015),2015
1061,2,Sleepers (1996),1996
1968,2,"Breakfast Club, The (1985)",1985
158966,2,Captain Fantastic (2016),2016
1672,2,"Rainmaker, The (1997)",1997
910,2,Some Like It Hot (1959),1959
1674,2,Witness (1985),1985
1680,2,Sliding Doors (1998),1998
53125,2,Pirates of the Caribbean: At World's End (2007),2007
134368,2,Spy (2015),2015
4023,2,"Family Man, The (2000)",2000
4019,2,Finding Forrester (2000),2000
908,2,North by Northwest (1959),1959
53123,2,Once (2006),2006
916,2,Roman Holiday (1953),1953
47099,2,"Pursuit of Happyness, The (2006)",2006
1701,2,Deconstructing Harry (1997),1997
4011,2,Snatch (2000),2000
1414,2,Mother (1996),1996
160980,2,Sully (2016),2016
4896,2,Harry Potter and the Sorcerer's Stone (a.k.a. Harry Potter and the Philosopher's Stone) (2001),2001
4002,2,"Planes, Trains & Automobiles (1987)",1987
158238,2,The Nice Guys (2016),2016
45722,2,Pirates of the Caribbean: Dead Man's Chest (2006),2006
156387,2,Sing Street (2016),2016
3999,2,Vertical Limit (2000),2000
4963,2,Ocean's Eleven (2001),2001
1779,2,Sphere (1998),1998
160718,2,Piper (2016),2016
1801,2,"Man in the Iron Mask, The (1998)",1998
839,2,"Crow: City of Angels, The (1996)",1996
4027,2,"O Brother, Where Art Thou? (2000)",2000
836,2,Chain Reaction (1996),1996
3986,2,"6th Day, The (2000)",2000
1965,2,Repo Man (1984),1984
4069,2,"Wedding Planner, The (2001)",2001
1301,2,Forbidden Planet (1956),1956
2153,2,"Avengers, The (1998)",1998
48516,2,"Departed, The (2006)",2006
543,2,So I Married an Axe Murderer (1993),1993
1269,2,Arsenic and Old Lace (1944),1944
143385,2,Bridge of Spies (2015),2015
1262,2,"Great Escape, The (1963)",1963
2125,2,Ever After: A Cinderella Story (1998),1998
1258,2,"Shining, The (1980)",1980
535,2,Short Cuts (1993),1993
142488,2,Spotlight (2015),2015
1251,2,8 1/2 (8½) (1963),1963
1247,2,"Graduate, The (1967)",1967
4361,2,Tootsie (1982),1982
2152,2,Air Bud: Golden Receiver (1998),1998
1544,2,"Lost World: Jurassic Park, The (1997)",1997
3752,2,"Me, Myself & Irene (2000)",2000
551,2,"Nightmare Before Christmas, The (1993)",1993
114060,2,The Drop (2014),2014
166534,2,Split (2017),2017
143353,2,The Croods 2 (2017),2017
166643,2,Hidden Figures (2016),2016
1201,2,"Good, the Bad and the Ugly, The (Buono, il brutto, il cattivo, Il) (1966)",1966
141749,2,The Danish Girl (2015),2015
1513,2,Romy and Michele's High School Reunion (1997),1997
113275,2,The Hundred-Foot Journey (2014),2014
49272,2,Casino Royale (2006),2006
502,2,"Next Karate Kid, The (1994)",1994
166788,2,20th Century Women (2016),2016
1206,2,"Clockwork Orange, A (1971)",1971
48780,2,"Prestige, The (2006)",2006
142448,2,Everest (2015),2015
1556,2,Speed 2: Cruise Control (1997),1997
128360,2,The Hateful Eight (2015),2015
2100,2,Splash (1984),1984
1129,2,Escape from New York (1981),1981
1974,2,Friday the 13th (1980),1980
1103,2,Rebel Without a Cause (1955),1955
637,2,Sgt. Bilko (1996),1996
1292,2,Being There (1979),1979
1291,2,Indiana Jones and the Last Crusade (1989),1989
5377,2,About a Boy (2002),2002
610,2,Heavy Metal (1981),1981
117529,2,Jurassic World (2015),2015
2020,2,Dangerous Liaisons (1988),1988
597,2,Pretty Woman (1990),1990
1288,2,This Is Spinal Tap (1984),1984
4639,2,America's Sweethearts (2001),2001
164909,2,La La Land (2016),2016
4571,2,Bill & Ted's Excellent Adventure (1989),1989
5388,2,Insomnia (2002),2002
585,2,"Brady Bunch Movie, The (1995)",1995
2064,2,Roger & Me (1989),1989
587,2,Ghost (1990),1990
2078,2,"Jungle Book, The (1967)",1967
115667,2,"Love, Rosie (2014)",2014
1275,2,Highlander (1986),1986
4489,2,Coming to America (1988),1988
5445,2,Minority Report (2002),2002
139644,2,Sicario (2015),2015
1272,2,Patton (1970),1970
8984,1,Ocean's Twelve (2004),2004
26003,1,Night and Fog (Nuit et brouillard) (1955),1955
53956,1,Death at a Funeral (2007),2007
46976,1,Stranger than Fiction (2006),2006
54286,1,"Bourne Ultimatum, The (2007)",2007
46972,1,Night at the Museum (2006),2006
73268,1,Daybreakers (2010),2010
53972,1,Live Free or Die Hard (2007),2007
73344,1,"Prophet, A (Un Prophète) (2009)",2009
51662,1,300 (2007),2007
8981,1,Closer (2004),2004
73513,1,"Swades: We, the People (Our Country) (2004)",2004
49274,1,Happy Feet (2006),2006
50514,1,After the Wedding (Efter brylluppet) (2006),2006
50601,1,Bridge to Terabithia (2007),2007
78088,1,Buried (2010),2010
48501,1,G.O.R.A. (2004),2004
8880,1,Mask (1985),1985
76293,1,Date Night (2010),2010
51255,1,Hot Fuzz (2007),2007
74789,1,Alice in Wonderland (2010),2010
48043,1,"Fountain, The (2006)",2006
74327,1,"First Day of the Rest of Your Life, The (Le premier jour du reste de ta vie) (2008)",2008
51540,1,Zodiac (2007),2007
51834,1,Becoming Jane (2007),2007
73929,1,Legion (2010),2010
8917,1,Team America: World Police (2004),2004
8947,1,"Grudge, The (2004)",2004
47999,1,Jesus Camp (2006),2006
47610,1,"Illusionist, The (2006)",2006
47465,1,Tideland (2005),2005
52583,1,Griffin & Phoenix (2006),2006
8950,1,The Machinist (2004),2004
8951,1,Vera Drake (2004),2004
8958,1,Ray (2004),2004
26152,1,Batman (1966),1966
34528,1,Junebug (2005),2005
54503,1,Superbad (2007),2007
39427,1,Stay (2005),2005
33725,1,It's All Gone Pete Tong (2004),2004
58111,1,Jodhaa Akbar (2008),2008
33679,1,Mr. & Mrs. Smith (2005),2005
63082,1,Slumdog Millionaire (2008),2008
64716,1,Seven Pounds (2008),2008
64969,1,Yes Man (2008),2008
33493,1,Star Wars: Episode III - Revenge of the Sith (2005),2005
40278,1,Jarhead (2005),2005
65130,1,Revolutionary Road (2008),2008
40583,1,Syriana (2005),2005
33004,1,"Hitchhiker's Guide to the Galaxy, The (2005)",2005
32587,1,Sin City (2005),2005
66659,1,Tyler Perry's Madea Goes to Jail (2009),2009
67255,1,"Girl with the Dragon Tattoo, The (Män som hatar kvinnor) (2009)",2009
40819,1,Walk the Line (2005),2005
68157,1,Inglourious Basterds (2009),2009
31804,1,Night Watch (Nochnoy dozor) (2004),2004
63072,1,"Road, The (2009)",2009
62293,1,"Duchess, The (2008)",2008
73183,1,"Friends of Eddie Coyle, The (1973)",1973
38798,1,In Her Shoes (2005),2005
60397,1,Mamma Mia! (2008),2008
34405,1,Serenity (2005),2005
60072,1,Wanted (2008),2008
36086,1,Dilwale Dulhania Le Jayenge (1995),1995
60014,1,"Complete History of My Sexual Failures, A (2008)",2008
60684,1,Watchmen (2009),2009
59784,1,Kung Fu Panda (2008),2008
61160,1,Star Wars: The Clone Wars (2008),2008
34048,1,War of the Worlds (2005),2005
36276,1,Hidden (a.k.a. Cache) (Caché) (2005),2005
36529,1,Lord of War (2005),2005
61240,1,Let the Right One In (Låt den rätte komma in) (2008),2008
37729,1,Corpse Bride (2005),2005
61323,1,Burn After Reading (2008),2008
59369,1,Taken (2008),2008
37731,1,Green Street Hooligans (a.k.a. Hooligans) (2005),2005
33779,1,Eddie Izzard: Dress to Kill (1999),1999
31737,1,Bunny Lake Is Missing (1965),1965
41566,1,"Chronicles of Narnia: The Lion, the Witch and the Wardrobe, The (2005)",2005
68269,1,"Young Victoria, The (2009)",2009
42794,1,Buried Alive (1990),1990
56757,1,Sweeney Todd: The Demon Barber of Fleet Street (2007),2007
71500,1,Trick 'r Treat (2007),2007
31364,1,Memories of Murder (Salinui chueok) (2003),2003
71579,1,"Education, An (2009)",2009
72483,1,Keith (2008),2008
45499,1,X-Men: The Last Stand (2006),2006
30707,1,Million Dollar Baby (2004),2004
56174,1,I Am Legend (2007),2007
55652,1,Scum (1979),1979
55442,1,Persepolis (2007),2007
27790,1,Millions (2004),2004
46957,1,Combien Tu M'aimes? (How Much Do You Love Me?) (2005),2005
55118,1,Eastern Promises (2007),2007
27706,1,Lemony Snicket's A Series of Unfortunate Events (2004),2004
55052,1,Atonement (2007),2007
72733,1,Invictus (2009),2009
27156,1,"Neon Genesis Evangelion: The End of Evangelion (Shin seiki Evangelion Gekijô-ban: Air/Magokoro wo, kimi ni) (1997)",1997
31433,1,"Wedding Date, The (2005)",2005
34552,1,"Girl in the Café, The (2005)",2005
56782,1,There Will Be Blood (2007),2007
44195,1,Thank You for Smoking (2006),2006
68319,1,X-Men Origins: Wolverine (2009),2009
68952,1,Drag Me to Hell (2009),2009
31702,1,Turtles Can Fly (Lakposhtha hâm parvaz mikonand) (2004),2004
58047,1,"Definitely, Maybe (2008)",2008
43376,1,Sophie Scholl: The Final Days (Sophie Scholl - Die letzten Tage) (2005),2005
69122,1,"Hangover, The (2009)",2009
69481,1,"Hurt Locker, The (2008)",2008
57669,1,In Bruges (2008),2008
57236,1,LOL (2006),2006
31658,1,Howl's Moving Castle (Hauru no ugoku shiro) (2004),2004
57368,1,Cloverfield (2008),2008
69784,1,Brüno (Bruno) (2009),2009
57274,1,[REC] (2007),2007
44929,1,Candy (2006),2006
31522,1,"Marriage of Maria Braun, The (Ehe der Maria Braun, Die) (1979)",1979
31435,1,Rory O'Shea Was Here (Inside I'm Dancing) (2004),2004
36708,1,Family Guy Presents Stewie Griffin: The Untold Story (2005),2005
2995,1,House on Haunted Hill (1999),1999
79946,1,"Joneses, The (2009)",2009
158830,1,The BFG (2016),2016
161582,1,Hell or High Water (2016),2016
160988,1,The Student (2016),2016
160954,1,Nerve (2016),2016
160289,1,O.J.: Made in America (2016),2016
159858,1,The Conjuring 2 (2016),2016
159093,1,Now You See Me 2 (2016),2016
157318,1,Perfect Strangers (2016),2016
161956,1,Blood Father (2016),2016
157138,1,Folk Hero & Funny Guy (2016),2016
155659,1,Florence Foster Jenkins (2016),2016
154967,1,Skyscraper (1996),1996
152711,1,Who Killed Chea Vichea? (2010),2010
152067,1,Neerja (2016),2016
151593,1,Martyrs (2016),2016
161922,1,The Edge of Seventeen (2016),2016
162082,1,Train to Busan (2016),2016
151317,1,Maggie's Plan (2015),2015
164981,1,Allied (2016),2016
165937,1,Collateral Beauty (2016),2016
165551,1,Lion (2016),2016
165367,1,Bling (2016),2016
165349,1,Frank & Lola (2016),2016
165103,1,Keeping Up with the Joneses (2016),2016
165101,1,Inferno (2016),2016
164540,1,Amanda Knox (2016),2016
162468,1,A Town like Alice (1956),1956
163959,1,Loving (2016),2016
163955,1,The Promise (2016),2016
163809,1,Over the Garden Wall (2013),2013
162730,1,The Whole Truth (2016),2016
162648,1,Baaghi (2016),2016
162596,1,Queen of Katwe (2016),2016
151455,1,Eddie the Eagle (2016),2016
150667,1,Low & Clear (2012),2012
80549,1,Easy A (2010),2010
139148,1,Bajrangi Bhaijaan (2015),2015
141397,1,Equals (2015),2015
141131,1,Guardians (2016),2016
141004,1,Victor Frankenstein (2015),2015
140110,1,The Intern (2015),2015
139721,1,X+Y (2014),2014
139415,1,Irrational Man (2015),2015
138208,1,The Walk (2015),2015
141890,1,Beasts of No Nation (2015),2015
138036,1,The Man from U.N.C.L.E. (2015),2015
137114,1,Love in a Puff (2010),2010
136942,1,The Art of Love (2011),2011
136864,1,Batman v Superman: Dawn of Justice (2016),2016
136598,1,Vacation (2015),2015
135875,1,Queen (2014),2014
141690,1,Anesthesia (2015),2015
141950,1,6 Years (2015),2015
149658,1,Boruto: Naruto the Movie (2015),2015
144760,1,Momentum (2015),2015
149606,1,Bajirao Mastani (2015),2015
149334,1,Nocturnal Animals,-1
148863,1,Little Thirteen (2012),2012
147200,1,Come Tomorrow (1963),1963
147024,1,Prem Ratan Dhan Payo (2015),2015
145150,1,The Dressmaker (2015),2015
144734,1,Freaks of Nature (2015),2015
142070,1,Jenny's Wedding (2015),2015
144620,1,Goosebumps (2015),2015
144544,1,Platinum Data (2013),2013
143387,1,Pitch Perfect 3 (2017),2017
143355,1,Wonder Woman (2017),2017
143349,1,Sky Sharks (2017),2017
142997,1,Hotel Transylvania 2 (2015),2015
166149,1,A United Kingdom (2016),2016
166285,1,The Odyssey (2016),2016
166480,1,Eliminators (2016),2016
180265,1,Jim & Andy: The Great Beyond (2017),2017
183295,1,Insidious: The Last Key (2018),2018
183185,1,Styx - Caught In The Act (2007),2007
183011,1,The Commuter (2018),2018
182715,1,Annihilation (2018),2018
182521,1,Thakara (1979),1979
180497,1,The Post (2017),2017
179953,1,A Bad Moms Christmas (2017),2017
183507,1,Voldemort: Origins of the Heir (2018),2018
179863,1,Radius (2017),2017
179401,1,Jumanji: Welcome to the Jungle (2017),2017
179133,1,Loving Vincent (2017),2017
178613,1,Dave Chappelle: Killin' Them Softly (2000),2000
177607,1,American Assassin (2017),2017
177101,1,Rememory (2017),2017
183413,1,Submergence (2018),2018
183837,1,The Favourite,-1
166526,1,The Space Between Us (2016),2016
188679,1,Fahrenheit 451 (2018),2018
191203,1,Ô Jerusalem (2006),2006
189873,1,Bao (2018),2018
189325,1,The Change,-1
189203,1,Upgrade (2018),2018
189061,1,In Darkness (2018),2018
189037,1,Tig Notaro: Happy To Be Here (2018),2018
188187,1,Breaking In (2018),2018
183911,1,The Clapper (2018),2018
187601,1,Anon (2018),2018
186555,1,The Cleanse (2018),2018
184997,1,"Love, Simon (2018)",2018
184989,1,Dovlatov (2018),2018
184471,1,Tomb Raider (2018),2018
184089,1,Winchester (2018),2018
176929,1,Happy Death Day (2017),2017
176389,1,The Nut Job 2: Nutty by Nature (2017),2017
175661,1,The Hitman's Bodyguard (2017),2017
167738,1,xXx: Return of Xander Cage (2017),2017
169188,1,Katherine Ryan: In Trouble (2017),2017
168492,1,Call Me by Your Name (2017),2017
168418,1,The Boss Baby (2017),2017
168348,1,Headshot (2016),2016
167842,1,Death Race 2050 (2017),2017
167832,1,The Invisible Guest (2016),2016
167640,1,A Cure for Wellness (2017),2017
175569,1,Wind River (2017),2017
167544,1,Patriots Day (2016),2016
167380,1,A Dog's Purpose (2017),2017
167036,1,Sing (2016),2016
166958,1,Hairspray Live! (2016),2016
166940,1,This Beautiful Fantastic (2016),2016
166653,1,Michael Che Matters (2016),2016
169682,1,Fare (2017),2017
169814,1,The Assignment (2016),2016
169900,1,The Lost City of Z (2017),2017
169948,1,Tomorrow Everything Starts (2016),2016
170477,1,Atomica (2017),2017
170627,1,Smurfs: The Lost Village (2017),2017
170731,1,De Premier (2016),2016
170809,1,The Spacewalker (2017),2017
170813,1,Baywatch (2017),2017
170957,1,Cars 3 (2017),2017
171129,1,Tommy's Honour (2016),2016
171581,1,Flower (2017),2017
171763,1,Baby Driver (2017),2017
173145,1,War for the Planet of the Apes (2017),2017
173205,1,The Meyerowitz Stories (2017),2017
174053,1,Black Mirror: White Christmas (2014),2014
174055,1,Dunkirk (2017),2017
135288,1,Mr. Holmes (2015),2015
134528,1,Aloha (2015),2015
134170,1,Kung Fury (2015),2015
97648,1,Gangs of Wasseypur (2012),2012
100068,1,Comme un chef (2012),2012
99912,1,Mama (2013),2013
99114,1,Django Unchained (2012),2012
98809,1,"Hobbit: An Unexpected Journey, The (2012)",2012
98203,1,"Twilight Saga: Breaking Dawn - Part 2, The (2012)",2012
97913,1,Wreck-It Ralph (2012),2012
97024,1,Rust and Bone (De rouille et d'os) (2012),2012
101088,1,Stoker (2013),2013
96610,1,Looper (2012),2012
96110,1,"Campaign, The (2012)",2012
95939,1,"Angels' Share, The (2012)",2012
95167,1,Brave (2012),2012
95159,1,This Special Friendship (Les amitiés particulières) (1964),1964
94752,1,Gifted Hands: The Ben Carson Story (2009),2009
100843,1,Oh Boy (A Coffee in Berlin) (2012),2012
101498,1,In the House (2012),2012
108054,1,"Geographer Drank His Globe Away, The (Geograf globus propil) (2013)",2013
104879,1,Prisoners (2013),2013
107516,1,Punk's Dead: SLC Punk! 2 (2014),2014
106766,1,Inside Llewyn Davis (2013),2013
106542,1,Charlie Countryman (2013),2013
106332,1,Muscle Shoals (2013),2013
105593,1,Filth (2013),2013
105211,1,Enough Said (2013),2013
104406,1,Fill the Void (Lemale et ha'halal) (2012),2012
102060,1,Planet Hulk (2010),2010
104339,1,In a World... (2013),2013
104303,1,Jobs (2013),2013
103801,1,Drinking Buddies (2013),2013
103249,1,World War Z (2013),2013
103228,1,Pacific Rim (2013),2013
102194,1,Mud (2012),2012
93982,1,"Raven, The (2012)",2012
93838,1,The Raid: Redemption (2011),2011
93721,1,Jiro Dreams of Sushi (2011),2011
83134,1,Tucker & Dale vs Evil (2010),2010
85414,1,Source Code (2011),2011
85412,1,"Troll Hunter, The (Trolljegeren) (2010)",2010
85397,1,Red Riding Hood (2011),2011
84772,1,Paul (2011),2011
84152,1,Limitless (2011),2011
83798,1,Cracks (2009),2009
82667,1,I Saw the Devil (Akmareul boatda) (2010),2010
92944,1,"Monster in Paris, A (Un monstre à Paris) (2011)",2011
82459,1,True Grit (2010),2010
82447,1,"Tomorrow, When the War Began (2010)",2010
82167,1,Love and Other Drugs (2010),2010
81847,1,Tangled (2010),2010
81784,1,Morning Glory (2010),2010
80860,1,Life as We Know It (2010),2010
85510,1,Sucker Punch (2011),2011
85565,1,Chalet Girl (2011),2011
86332,1,Thor (2011),2011
86973,1,John Rabe (2009),2009
87232,1,X-Men: First Class (2011),2011
88405,1,Friends with Benefits (2011),2011
88810,1,"Help, The (2011)",2011
88812,1,30 Minutes or Less (2011),2011
89492,1,Moneyball (2011),2011
89900,1,Once Upon a Time in Anatolia (Bir zamanlar Anadolu'da) (2011),2011
90249,1,Real Steel (2011),2011
90405,1,In Time (2011),2011
90576,1,What's Your Number? (2011),2011
90600,1,Headhunters (Hodejegerne) (2011),2011
91126,1,War Horse (2011),2011
91500,1,The Hunger Games (2012),2012
91842,1,Contraband (2012),2012
107771,1,Only Lovers Left Alive (2013),2013
108540,1,Ernest & Célestine (Ernest et Célestine) (2012),2012
133645,1,Carol (2015),2015
122910,1,Captain Marvel (2018),2018
127126,1,Seoul Searching (2015),2015
127108,1,Brooklyn (2015),2015
122926,1,Untitled Spider-Man Reboot (2017),2017
122922,1,Doctor Strange (2016),2016
122918,1,Guardians of the Galaxy 2 (2017),2017
122916,1,Thor: Ragnarok (2017),2017
122892,1,Avengers: Age of Ultron (2015),2015
127196,1,The Diary of a Teenage Girl (2015),2015
120462,1,The Invisible Boy (2014),2014
119565,1,The Missing (2014),2014
118898,1,A Most Violent Year (2014),2014
117885,1,Grumpy Cat's Worst Christmas Ever (2014),2014
117863,1,Ragamuffin (2014),2014
117851,1,Penguins of Madagascar (2014),2014
127136,1,True Story (2015),2015
128620,1,Victoria (2015),2015
108544,1,"Simple Life of Noah Dearborn, The (1999)",1999
132046,1,Tomorrowland (2015),2015
133383,1,Shrew's Nest (2014),2014
133335,1,Lifted (2010),2010
133195,1,Hitman: Agent 47 (2015),2015
132954,1,Awake: The Life of Yogananda (2014),2014
132496,1,Danny Collins (2015),2015
132480,1,The Age of Adaline (2015),2015
131724,1,The Jinx: The Life and Deaths of Robert Durst (2015),2015
128671,1,Timbuktu (2014),2014
131382,1,Apache Blood (1975),1975
130840,1,Spring (2015),2015
130634,1,Furious 7 (2015),2015
130492,1,Dum Laga Ke Haisha (2015),2015
130490,1,Insurgent (2015),2015
130450,1,Pan (2015),2015
117533,1,Citizenfour (2014),2014
117456,1,Beyond the Lights (2014),2014
117444,1,Song of the Sea (2014),2014
111320,1,Mom's Night Out (2014),2014
112183,1,Birdman: Or (The Unexpected Virtue of Ignorance) (2014),2014
111921,1,The Fault in Our Stars (2014),2014
111781,1,Mission: Impossible - Rogue Nation (2015),2015
111622,1,Begin Again (2013),2013
111362,1,X-Men: Days of Future Past (2014),2014
111360,1,Lucy (2014),2014
110809,1,Vampire Academy (2014),2014
116799,1,Inherent Vice (2014),2014
110453,1,Draft Day (2014),2014
110110,1,Starred Up (2013),2013
110102,1,Captain America: The Winter Soldier (2014),2014
109848,1,Under the Skin (2013),2013
109578,1,Non-Stop (2014),2014
108932,1,The Lego Movie (2014),2014
112290,1,Boyhood (2014),2014
112804,1,I Origins (2014),2014
113315,1,Zero Motivation (Efes beyahasei enosh) (2014),2014
113829,1,"One I Love, The (2014)",2014
114342,1,Force Majeure (Turist) (2014),2014
114494,1,Who Am I (Kein System Ist Sicher) (2014),2014
114550,1,When Animals Dream (Når dyrene drømmer) (2014),2014
114601,1,This Is Where I Leave You (2014),2014
114662,1,American Sniper (2014),2014
114700,1,"Tribe, The (Plemya) (2014)",2014
114707,1,Horns (2014),2014
114795,1,Dracula Untold (2014),2014
114980,1,Grace Unplugged (2013),2013
115569,1,Nightcrawler (2014),2014
115713,1,Ex Machina (2015),2015
116413,1,Life Partners (2014),2014
8798,1,Collateral (2004),2004
8873,1,"Motorcycle Diaries, The (Diarios de motocicleta) (2004)",2004
191483,1,The Nun (2018),2018
8784,1,Garden State (2004),2004
1276,1,Cool Hand Luke (1967),1967
1296,1,"Room with a View, A (1986)",1986
1297,1,Real Genius (1985),1985
1350,1,"Omen, The (1976)",1976
1356,1,Star Trek: First Contact (1996),1996
1358,1,Sling Blade (1996),1996
1370,1,Die Hard 2 (1990),1990
1385,1,Under Siege (1992),1992
1388,1,Jaws 2 (1978),1978
1392,1,Citizen Ruth (1996),1996
1412,1,Some Mother's Son (1996),1996
1429,1,First Strike (Police Story 4: First Strike) (Ging chaat goo si 4: Ji gaan daan yam mo) (1996),1996
1440,1,Amos & Andrew (1993),1993
1449,1,Waiting for Guffman (1996),1996
1453,1,"Beautician and the Beast, The (1997)",1997
1457,1,Fools Rush In (1997),1997
1461,1,Vegas Vacation (National Lampoon's Las Vegas Vacation) (1997),1997
1464,1,Lost Highway (1997),1997
1466,1,Donnie Brasco (1997),1997
1475,1,Kama Sutra: A Tale of Love (1996),1996
1476,1,Private Parts (1997),1997
1477,1,Love Jones (1997),1997
1487,1,Selena (1997),1997
1507,1,Paradise Road (1997),1997
1527,1,"Fifth Element, The (1997)",1997
1549,1,Rough Magic (1995),1995
1554,1,"Pillow Book, The (1996)",1996
1566,1,Hercules (1997),1997
1599,1,Steel (1997),1997
1600,1,She's So Lovely (1997),1997
1281,1,"Great Dictator, The (1940)",1940
1274,1,Akira (1988),1988
1047,1,"Long Kiss Goodnight, The (1996)",1996
1265,1,Groundhog Day (1993),1993
1054,1,Get on the Bus (1996),1996
1071,1,For the Moment (1994),1994
1089,1,Reservoir Dogs (1992),1992
1091,1,Weekend at Bernie's (1989),1989
1100,1,Days of Thunder (1990),1990
1101,1,Top Gun (1986),1986
1111,1,Microcosmos (Microcosmos: Le peuple de l'herbe) (1996),1996
1124,1,On Golden Pond (1981),1981
1126,1,Drop Dead Fred (1991),1991
1136,1,Monty Python and the Holy Grail (1975),1975
1175,1,Delicatessen (1991),1991
1179,1,"Grifters, The (1990)",1990
1184,1,Mediterraneo (1991),1991
1194,1,Cheech and Chong's Up in Smoke (1978),1978
1199,1,Brazil (1985),1985
1207,1,To Kill a Mockingbird (1962),1962
1211,1,"Wings of Desire (Himmel über Berlin, Der) (1987)",1987
1216,1,"Big Blue, The (Grand bleu, Le) (1988)",1988
1220,1,"Blues Brothers, The (1980)",1980
1222,1,Full Metal Jacket (1987),1987
1228,1,Raging Bull (1980),1980
1232,1,Stalker (1979),1979
1237,1,"Seventh Seal, The (Sjunde inseglet, Det) (1957)",1957
1238,1,Local Hero (1983),1983
1245,1,Miller's Crossing (1990),1990
1246,1,Dead Poets Society (1989),1989
1256,1,Duck Soup (1933),1933
1259,1,Stand by Me (1986),1986
1264,1,Diva (1981),1981
1614,1,In & Out (1997),1997
1615,1,"Edge, The (1997)",1997
1616,1,"Peacemaker, The (1997)",1997
1643,1,"Mrs. Brown (a.k.a. Her Majesty, Mrs. Brown) (1997)",1997
2088,1,Popeye (1980),1980
2107,1,Halloween H20: 20 Years Later (Halloween 7: The Revenge of Laurie Strode) (1998),1998
2108,1,L.A. Story (1991),1991
2114,1,"Outsiders, The (1983)",1983
2118,1,"Dead Zone, The (1983)",1983
2122,1,Children of the Corn (1984),1984
2126,1,Snake Eyes (1998),1998
2133,1,Adventures in Babysitting (1987),1987
2134,1,Weird Science (1985),1985
2138,1,Watership Down (1978),1978
2151,1,"Gods Must Be Crazy II, The (1989)",1989
2157,1,"Chambermaid on the Titanic, The (Femme de chambre du Titanic, La) (1998)",1998
2158,1,"Henry: Portrait of a Serial Killer, Part 2 (1998)",1998
2174,1,Beetlejuice (1988),1988
2186,1,Strangers on a Train (1951),1951
2193,1,Willow (1988),1988
2194,1,"Untouchables, The (1987)",1987
2199,1,Phoenix (1998),1998
2231,1,Rounders (1998),1998
2234,1,Let's Talk About Sex (1998),1998
2236,1,Simon Birch (1998),1998
2244,1,"Allnighter, The (1987)",1987
2249,1,My Blue Heaven (1990),1990
2267,1,Mortal Thoughts (1991),1991
2282,1,Pecker (1998),1998
2288,1,"Thing, The (1982)",1982
2300,1,"Producers, The (1968)",1968
2313,1,"Elephant Man, The (1980)",1980
2314,1,Beloved (1998),1998
2082,1,"Mighty Ducks, The (1992)",1992
2081,1,"Little Mermaid, The (1989)",1989
2075,1,Mephisto (1981),1981
1836,1,"Last Days of Disco, The (1998)",1998
1663,1,Stripes (1981),1981
1665,1,Bean (1997),1997
1676,1,Starship Troopers (1997),1997
1682,1,"Truman Show, The (1998)",1998
1683,1,"Wings of the Dove, The (1997)",1997
1685,1,"I Love You, I Love You Not (1996)",1996
1693,1,Amistad (1997),1997
1702,1,Flubber (1997),1997
1727,1,"Horse Whisperer, The (1998)",1998
1735,1,Great Expectations (1998),1998
1773,1,Tokyo Fist (Tokyo ken) (1995),1995
1783,1,Palmetto (1998),1998
1810,1,Primary Colors (1998),1998
1839,1,My Giant (1998),1998
2054,1,"Honey, I Shrunk the Kids (1989)",1989
1840,1,He Got Game (1998),1998
1862,1,Species II (1998),1998
1863,1,Major League: Back to the Minors (1998),1998
1866,1,"Big Hit, The (1998)",1998
1904,1,Henry Fool (1997),1997
1920,1,Small Soldiers (1998),1998
1921,1,Pi (1998),1998
1937,1,Going My Way (1944),1944
1948,1,Tom Jones (1963),1963
2003,1,Gremlins (1984),1984
2013,1,"Poseidon Adventure, The (1972)",1972
2025,1,Lolita (1997),1997
2053,1,"Honey, I Blew Up the Kid (1992)",1992
1049,1,"Ghost and the Darkness, The (1996)",1996
1046,1,Beautiful Thing (1996),1996
8730,1,To End All Wars (2001),2001
232,1,Eat Drink Man Woman (Yin shi nan nu) (1994),1994
246,1,Hoop Dreams (1994),1994
247,1,Heavenly Creatures (1994),1994
249,1,Immortal Beloved (1994),1994
252,1,I.Q. (1994),1994
266,1,Legends of the Fall (1994),1994
267,1,Major Payne (1995),1995
273,1,Mary Shelley's Frankenstein (Frankenstein) (1994),1994
276,1,Milk Money (1994),1994
282,1,Nell (1994),1994
285,1,Beyond Bedlam (1993),1993
288,1,Natural Born Killers (1994),1994
308,1,Three Colors: White (Trzy kolory: Bialy) (1994),1994
314,1,"Secret of Roan Inish, The (1994)",1994
315,1,"Specialist, The (1994)",1994
319,1,Shallow Grave (1994),1994
337,1,What's Eating Gilbert Grape (1993),1993
338,1,Virtuosity (1995),1995
344,1,Ace Ventura: Pet Detective (1994),1994
349,1,Clear and Present Danger (1994),1994
352,1,Crooklyn (1994),1994
353,1,"Crow, The (1994)",1994
357,1,Four Weddings and a Funeral (1994),1994
365,1,Little Buddha (1993),1993
368,1,Maverick (1994),1994
372,1,Reality Bites (1994),1994
376,1,"River Wild, The (1994)",1994
377,1,Speed (1994),1994
380,1,True Lies (1994),1994
382,1,Wolf (1994),1994
233,1,Exotica (1994),1994
227,1,Drop Zone (1994),1994
1037,1,"Lawnmower Man, The (1992)",1992
215,1,Before Sunrise (1995),1995
6,1,Heat (1995),1995
11,1,"American President, The (1995)",1995
14,1,Nixon (1995),1995
34,1,Babe (1995),1995
36,1,Dead Man Walking (1995),1995
39,1,Clueless (1995),1995
65,1,Bio-Dome (1996),1996
70,1,From Dusk Till Dawn (1996),1996
79,1,"Juror, The (1996)",1996
88,1,Black Sheep (1996),1996
100,1,City Hall (1996),1996
104,1,Happy Gilmore (1996),1996
111,1,Taxi Driver (1976),1976
112,1,Rumble in the Bronx (Hont faan kui) (1995),1995
116,1,Anne Frank Remembered (1995),1995
117,1,"Young Poisoner's Handbook, The (1995)",1995
119,1,"Steal Big, Steal Little (1995)",1995
121,1,"Boys of St. Vincent, The (1992)",1992
141,1,"Birdcage, The (1996)",1996
150,1,Apollo 13 (1995),1995
161,1,Crimson Tide (1995),1995
162,1,Crumb (1994),1994
169,1,Free Willy 2: The Adventure Home (1995),1995
182,1,Moonlight and Valentino (1995),1995
186,1,Nine Months (1995),1995
194,1,Smoke (1995),1995
198,1,Strange Days (1995),1995
204,1,Under Siege 2: Dark Territory (1995),1995
207,1,"Walk in the Clouds, A (1995)",1995
383,1,Wyatt Earp (1994),1994
405,1,Highlander III: The Sorcerer (a.k.a. Highlander: The Final Dimension) (1994),1994
413,1,Airheads (1994),1994
432,1,City Slickers II: The Legend of Curly's Gold (1994),1994
683,1,"Eye of Vichy, The (Oeil de Vichy, L') (1993)",1993
707,1,Mulholland Falls (1996),1996
737,1,Barb Wire (1996),1996
741,1,Ghost in the Shell (Kôkaku kidôtai) (1995),1995
750,1,Dr. Strangelove or: How I Learned to Stop Worrying and Love the Bomb (1964),1964
762,1,Striptease (1996),1996
765,1,Jack (1996),1996
800,1,Lone Star (1996),1996
806,1,American Buffalo (1996),1996
832,1,Ransom (1996),1996
835,1,Foxfire (1996),1996
852,1,Tin Cup (1996),1996
880,1,"Island of Dr. Moreau, The (1996)",1996
887,1,Talk of Angels (1998),1998
891,1,Halloween: The Curse of Michael Myers (Halloween 6: The Curse of Michael Myers) (1995),1995
898,1,"Philadelphia Story, The (1940)",1940
915,1,Sabrina (1954),1954
919,1,"Wizard of Oz, The (1939)",1939
922,1,Sunset Blvd. (a.k.a. Sunset Boulevard) (1950),1950
923,1,Citizen Kane (1941),1941
926,1,All About Eve (1950),1950
936,1,Ninotchka (1939),1939
950,1,"Thin Man, The (1934)",1934
955,1,Bringing Up Baby (1938),1938
991,1,Michael Collins (1996),1996
994,1,Big Night (1996),1996
1006,1,"Chamber, The (1996)",1996
1013,1,"Parent Trap, The (1961)",1961
1031,1,Bedknobs and Broomsticks (1971),1971
671,1,Mystery Science Theater 3000: The Movie (1996),1996
653,1,Dragonheart (1996),1996
647,1,Courage Under Fire (1996),1996
515,1,"Remains of the Day, The (1993)",1993
435,1,Coneheads (1993),1993
437,1,Cops and Robbersons (1994),1994
446,1,Farewell My Concubine (Ba wang bie ji) (1993),1993
471,1,"Hudsucker Proxy, The (1994)",1994
481,1,Kalifornia (1993),1993
482,1,Killing Zoe (1994),1994
491,1,"Man Without a Face, The (1993)",1993
493,1,Menace II Society (1993),1993
495,1,In the Realm of the Senses (Ai no corrida) (1976),1976
497,1,Much Ado About Nothing (1993),1993
508,1,Philadelphia (1993),1993
509,1,"Piano, The (1993)",1993
513,1,Radioland Murders (1994),1994
517,1,Rising Sun (1993),1993
632,1,Land and Freedom (Tierra y libertad) (1995),1995
519,1,RoboCop 3 (1993),1993
529,1,Searching for Bobby Fischer (1993),1993
539,1,Sleepless in Seattle (1993),1993
542,1,Son in Law (1993),1993
546,1,Super Mario Bros. (1993),1993
550,1,Threesome (1994),1994
562,1,Welcome to the Dollhouse (1995),1995
586,1,Home Alone (1990),1990
588,1,Aladdin (1992),1992
592,1,Batman (1989),1989
594,1,Snow White and the Seven Dwarfs (1937),1937
595,1,Beauty and the Beast (1991),1991
628,1,Primal Fear (1996),1996
2320,1,Apt Pupil (1998),1998
2323,1,"Cruise, The (1998)",1998
2328,1,Vampires (1998),1998
4078,1,Amazing Grace and Chuck (1987),1987
4102,1,Eddie Murphy Raw (1987),1987
4104,1,Ernest Goes to Camp (1987),1987
4111,1,Gardens of Stone (1987),1987
4117,1,Hope and Glory (1987),1987
4126,1,Less Than Zero (1987),1987
4128,1,"Lost Boys, The (1987)",1987
4163,1,Carman: The Champion (2001),2001
4167,1,15 Minutes (2001),2001
4240,1,Just Visiting (2001),2001
4251,1,Chopper (2000),2000
4254,1,Crocodile Dundee in Los Angeles (2001),2001
4296,1,Love Story (1970),1970
4321,1,City Slickers (1991),1991
4344,1,Swordfish (2001),2001
4367,1,Lara Croft: Tomb Raider (2001),2001
4370,1,A.I. Artificial Intelligence (2001),2001
4371,1,Baby Boy (2001),2001
4372,1,Crazy/Beautiful (2001),2001
4378,1,Sexy Beast (2000),2000
4437,1,Suspiria (1977),1977
4448,1,"Score, The (2001)",2001
4510,1,Heartbreak Hotel (1988),1988
4605,1,How to Get Ahead in Advertising (1989),1989
4651,1,Renegades (1989),1989
4678,1,UHF (1989),1989
4720,1,"Others, The (2001)",2001
4734,1,Jay and Silent Bob Strike Back (2001),2001
4788,1,Moscow Does Not Believe in Tears (Moskva slezam ne verit) (1979),1979
4795,1,Father Goose (1964),1964
4084,1,Beverly Hills Cop II (1987),1987
4077,1,"With a Friend Like Harry... (Harry, un ami qui vous veut du bien) (2000)",2000
2335,1,"Waterboy, The (1998)",1998
4063,1,Prelude to a Kiss (1992),1992
3595,1,Held Up (1999),1999
3608,1,Pee-wee's Big Adventure (1985),1985
3611,1,Saludos Amigos (1943),1943
3615,1,Dinosaur (2000),2000
3621,1,Possession (1981),1981
3623,1,Mission: Impossible II (2000),2000
3635,1,"Spy Who Loved Me, The (1977)",1977
3639,1,"Man with the Golden Gun, The (1974)",1974
3686,1,Flatliners (1990),1990
3698,1,"Running Man, The (1987)",1987
3730,1,"Conversation, The (1974)",1974
3733,1,"Paper Chase, The (1973)",1973
3744,1,Shaft (2000),2000
3745,1,Titan A.E. (2000),2000
3751,1,Chicken Run (2000),2000
3809,1,What About Bob? (1991),1991
3821,1,Nutty Professor II: The Klumps (2000),2000
3861,1,"Replacements, The (2000)",2000
3882,1,Bring It On (2000),2000
3897,1,Almost Famous (2000),2000
3980,1,Men of Honor (2000),2000
3981,1,Red Planet (2000),2000
3984,1,Diamonds Are Forever (1971),1971
3997,1,Dungeons & Dragons (2000),2000
4006,1,Transformers: The Movie (1986),1986
4016,1,"Emperor's New Groove, The (2000)",2000
4022,1,Cast Away (2000),2000
4043,1,At Close Range (1986),1986
4059,1,"Amati Girls, The (2000)",2000
4867,1,Riding in Cars with Boys (2001),2001
4873,1,Waking Life (2001),2001
4878,1,Donnie Darko (2001),2001
4880,1,Life as a House (2001),2001
6281,1,Phone Booth (2002),2002
6287,1,Anger Management (2003),2003
6305,1,Fahrenheit 451 (1966),1966
6377,1,Finding Nemo (2003),2003
6385,1,Whale Rider (2002),2002
6533,1,"What's Up, Doc? (1972)",1972
6534,1,Hulk (2003),2003
6565,1,Seabiscuit (2003),2003
6679,1,Revolution OS (2001),2001
6774,1,Videodrome (1983),1983
6870,1,Mystic River (2003),2003
6934,1,"Matrix Revolutions, The (2003)",2003
6981,1,"Ordet (Word, The) (1955)",1955
6993,1,Hannah and Her Sisters (1986),1986
7022,1,Battle Royale (Batoru rowaiaru) (2000),2000
7147,1,Big Fish (2003),2003
7175,1,Torque (2004),2004
7254,1,The Butterfly Effect (2004),2004
7343,1,Wisconsin Death Trip (1999),1999
7386,1,"Ten Commandments, The (1956)",1956
7387,1,Dawn of the Dead (1978),1978
7438,1,Kill Bill: Vol. 2 (2004),2004
8008,1,Brigadoon (1954),1954
8011,1,"Weather Underground, The (2002)",2002
8024,1,"Thing Called Love, The (1993)",1993
8040,1,Brain Donors (1992),1992
8361,1,"Day After Tomorrow, The (2004)",2004
8376,1,Napoleon Dynamite (2004),2004
8665,1,"Bourne Supremacy, The (2004)",2004
6261,1,Wind (1992),1992
6242,1,Ringu (Ring) (1998),1998
6013,1,Kangaroo Jack (2003),2003
5459,1,Men in Black II (a.k.a. MIIB) (a.k.a. MIB 2) (2002),2002
4881,1,"Man Who Wasn't There, The (2001)",2001
4895,1,"Wash, The (2001)",2001
4958,1,Behind Enemy Lines (2001),2001
4975,1,Vanilla Sky (2001),2001
5015,1,Monster's Ball (2001),2001
5066,1,"Walk to Remember, A (2002)",2002
5110,1,Super Troopers (2001),2001
5135,1,Monsoon Wedding (2001),2001
5171,1,"Time Machine, The (2002)",2002
5219,1,Resident Evil (2002),2002
5283,1,National Lampoon's Van Wilder (2002),2002
5378,1,Star Wars: Episode II - Attack of the Clones (2002),2002
5418,1,"Bourne Identity, The (2002)",2002
5481,1,Austin Powers in Goldmember (2002),2002
5995,1,"Pianist, The (2002)",2002
5502,1,Signs (2002),2002
5507,1,xXx (2002),2002
5574,1,"Transporter, The (2002)",2002
5617,1,Secretary (2002),2002
5668,1,White Oleander (2002),2002
5669,1,Bowling for Columbine (2002),2002
5673,1,Punch-Drunk Love (2002),2002
5717,1,Make Them Die Slowly (Cannibal Ferox) (1981),1981
5758,1,Horror Planet (a.k.a. Inseminoid) (1981),1981
5872,1,Die Another Day (2002),2002
5902,1,Adaptation (2002),2002
5954,1,25th Hour (2002),2002
5959,1,Narc (2002),2002
3593,1,Battlefield Earth (2000),2000
3545,1,Cabaret (1972),1972
3536,1,Keeping the Faith (2000),2000
2839,1,West Beirut (West Beyrouth) (1998),1998
2550,1,"Haunting, The (1963)",1963
2559,1,"King and I, The (1999)",1999
2565,1,"King and I, The (1956)",1956
2573,1,Tango (1998),1998
2575,1,"Dreamlife of Angels, The (Vie rêvée des anges, La) (1998)",1998
2582,1,Twin Dragons (Shuang long hui) (1992),1992
2587,1,Life (1999),1999
2598,1,Pushing Tin (1999),1999
2599,1,Election (1999),1999
2614,1,Chopping Mall (a.k.a. Killbots) (1986),1986
2616,1,Dick Tracy (1990),1990
2622,1,William Shakespeare's A Midsummer Night's Dream (1999),1999
2642,1,Superman III (1983),1983
2677,1,Buena Vista Social Club (1999),1999
2682,1,Limbo (1999),1999
2691,1,"Legend of 1900, The (a.k.a. The Legend of the Pianist on the Ocean) (Leggenda del pianista sull'oceano) (1998)",1998
2692,1,Run Lola Run (Lola rennt) (1998),1998
2697,1,My Son the Fanatic (1997),1997
2702,1,Summer of Sam (1999),1999
2703,1,Broken Vessels (1998),1998
2708,1,"Autumn Tale, An (Conte d'automne) (1998)",1998
2709,1,Muppets From Space (1999),1999
2711,1,My Life So Far (1999),1999
2718,1,Drop Dead Gorgeous (1999),1999
2720,1,Inspector Gadget (1999),1999
2721,1,Trick (1999),1999
2774,1,Better Than Chocolate (1999),1999
2776,1,"Marcello Mastroianni: I Remember Yes, I Remember (Marcello Mastroianni: mi ricordo, sì, io mi ricordo) (1997)",1997
2797,1,Big (1988),1988
2545,1,Relax... It's Just Sex (1998),1998
2533,1,Escape from the Planet of the Apes (1971),1971
2529,1,Planet of the Apes (1968),1968
2432,1,Stepmom (1998),1998
2342,1,Hard Core Logo (1996),1996
2354,1,"Rugrats Movie, The (1998)",1998
2367,1,King Kong (1976),1976
2369,1,Desperately Seeking Susan (1985),1985
2379,1,Police Academy 2: Their First Assignment (1985),1985
2392,1,Jack Frost (1998),1998
2406,1,Romancing the Stone (1984),1984
2409,1,Rocky II (1979),1979
2410,1,Rocky III (1982),1982
2412,1,Rocky V (1990),1990
2414,1,Young Sherlock Holmes (1985),1985
2423,1,Christmas Vacation (National Lampoon's Christmas Vacation) (1989),1989
2429,1,Mighty Joe Young (1998),1998
2433,1,"Civil Action, A (1998)",1998
2521,1,Airport 1975 (1974),1974
2436,1,Tea with Mussolini (1999),1999
2437,1,Wilde (1997),1997
2440,1,Another Day in Paradise (1998),1998
2442,1,Hilary and Jackie (1998),1998
2444,1,24 7: Twenty Four Seven (1997),1997
2445,1,At First Sight (1999),1999
2467,1,"Name of the Rose, The (Name der Rose, Der) (1986)",1986
2483,1,"Day of the Beast, The (Día de la Bestia, El) (1995)",1995
2495,1,"Fantastic Planet, The (Planète sauvage, La) (1973)",1973
2504,1,200 Cigarettes (1999),1999
2506,1,"Other Sister, The (1999)",1999
2507,1,Breakfast of Champions (1999),1999
2513,1,Pet Sematary (1989),1989
2836,1,Outside Providence (1999),1999
2863,1,"Hard Day's Night, A (1964)",1964
3512,1,Return to Me (2000),2000
2872,1,Excalibur (1981),1981
3113,1,End of Days (1999),1999
3129,1,Sweet and Lowdown (1999),1999
3159,1,Fantasia 2000 (1999),1999
3161,1,Onegin (1999),1999
3178,1,"Hurricane, The (1999)",1999
3181,1,Titus (1999),1999
3198,1,Papillon (1973),1973
3202,1,Even Dwarfs Started Small (Auch Zwerge haben klein angefangen) (1971),1971
3204,1,"Boys from Brazil, The (1978)",1978
3211,1,"Cry in the Dark, A (1988)",1988
3253,1,Wayne's World (1992),1992
3259,1,Far and Away (1992),1992
3264,1,Buffy the Vampire Slayer (1992),1992
3265,1,Hard-Boiled (Lat sau san taam) (1992),1992
3277,1,Beloved/Friend (a.k.a. Amigo/Amado) (Amic/Amat) (1999),1999
3298,1,Boiler Room (2000),2000
3300,1,Pitch Black (2000),2000
3342,1,Birdy (1984),1984
3357,1,East-West (Est-ouest) (1999),1999
3359,1,Breaking Away (1979),1979
3360,1,Hoosiers (a.k.a. Best Shot) (1986),1986
3412,1,"Bear, The (Ours, L') (1988)",1988
3415,1,"Mirror, The (Zerkalo) (1975)",1975
3424,1,Do the Right Thing (1989),1989
3435,1,Double Indemnity (1944),1944
3436,1,Dying Young (1991),1991
3445,1,Eyes of Laura Mars (1978),1978
3448,1,"Good Morning, Vietnam (1987)",1987
3477,1,Empire Records (1995),1995
3108,1,"Fisher King, The (1991)",1991
3100,1,"River Runs Through It, A (1992)",1992
3083,1,All About My Mother (Todo sobre mi madre) (1999),1999
2967,1,"Bad Seed, The (1956)",1956
2882,1,Jakob the Liar (1999),1999
2886,1,"Adventures of Elmo in Grouchland, The (1999)",1999
2891,1,"Happy, Texas (1999)",1999
2901,1,Phantasm (1979),1979
2902,1,Psycho II (1983),1983
2918,1,Ferris Bueller's Day Off (1986),1986
2919,1,"Year of Living Dangerously, The (1982)",1982
2926,1,Hairspray (1988),1988
2927,1,Brief Encounter (1946),1946
2942,1,Flashdance (1983),1983
2950,1,"Blue Lagoon, The (1980)",1980
2961,1,"Story of Us, The (1999)",1999
2963,1,Joe the King (1999),1999
2974,1,Bats (1999),1999
3054,1,Pokémon: The First Movie (1998),1998
2975,1,"Best Man, The (1999)",1999
2976,1,Bringing Out the Dead (1999),1999
2987,1,Who Framed Roger Rabbit? (1988),1988
3000,1,Princess Mononoke (Mononoke-hime) (1997),1997
3004,1,"Bachelor, The (1999)",1999
3008,1,Last Night (1998),1998
3022,1,"General, The (1926)",1926
3031,1,Repossessed (1990),1990
3034,1,Robin Hood (1973),1973
3035,1,Mister Roberts (1955),1955
3037,1,Little Big Man (1970),1970
3044,1,Dead Again (1991),1991
3053,1,"Messenger: The Story of Joan of Arc, The (1999)",1999
